/*
 Navicat Premium Data Transfer

 Source Server         : localhost_3306
 Source Server Type    : MySQL
 Source Server Version : 80016
 Source Host           : localhost:3306
 Source Schema         : vue-admin

 Target Server Type    : MySQL
 Target Server Version : 80016
 File Encoding         : 65001

 Date: 23/09/2020 11:36:06
*/

-- create database IF NOT EXISTS `vue-admin` default character set utf8 collate utf8_general_ci;
--
-- USE vue-admin;
--
-- /*!40101 SET NAMES utf8 */;
--
-- /*!40101 SET SQL_MODE=''*/;
--
-- /*!40014 SET @OLD_UNIQUE_CHECKS=@@UNIQUE_CHECKS, UNIQUE_CHECKS=0 */;
-- /*!40014 SET @OLD_FOREIGN_KEY_CHECKS=@@FOREIGN_KEY_CHECKS, FOREIGN_KEY_CHECKS=0 */;
-- /*!40101 SET @OLD_SQL_MODE=@@SQL_MODE, SQL_MODE='NO_AUTO_VALUE_ON_ZERO' */;
-- /*!40111 SET @OLD_SQL_NOTES=@@SQL_NOTES, SQL_NOTES=0 */;

SET NAMES utf8mb4;
SET FOREIGN_KEY_CHECKS = 0;

-- ----------------------------
-- Table structure for chr_goods
-- ----------------------------
DROP TABLE IF EXISTS `chr_goods`;
CREATE TABLE `chr_goods` (
  `goods_id` int(5) NOT NULL AUTO_INCREMENT,
  `goods_name` varchar(32) COLLATE utf8_unicode_ci DEFAULT NULL,
  `goods_price` decimal(9,2) DEFAULT NULL,
  `release_date` date DEFAULT NULL,
  `goods_color` varchar(10) COLLATE utf8_unicode_ci DEFAULT NULL,
  `goods_type` varchar(8) COLLATE utf8_unicode_ci DEFAULT NULL,
  `goods_status` varchar(10) COLLATE utf8_unicode_ci DEFAULT NULL,
  `goods_imp` int(1) DEFAULT NULL,
  `goods_desc` varchar(128) COLLATE utf8_unicode_ci DEFAULT NULL,
  `goods_stock` int(11) DEFAULT NULL,
  PRIMARY KEY (`goods_id`)
) ENGINE=InnoDB AUTO_INCREMENT=26 DEFAULT CHARSET=utf8 COLLATE=utf8_unicode_ci;

-- ----------------------------
-- Records of chr_goods
-- ----------------------------
BEGIN;
INSERT INTO `chr_goods` VALUES (1, '小米', 899.67, '2020-06-01', 'blue', 'mi', 'published', 3, NULL, 5000);
INSERT INTO `chr_goods` VALUES (2, '三星', 969.01, '2020-06-05', 'white', 'samsung', 'published', 3, NULL, 5000);
INSERT INTO `chr_goods` VALUES (3, '苹果', 885.99, '2020-06-02', 'yellow', 'apple', 'published', 3, NULL, 5000);
INSERT INTO `chr_goods` VALUES (4, '华为', 1447.09, '2020-06-17', 'black', 'huawei', 'published', 3, NULL, 5000);
INSERT INTO `chr_goods` VALUES (5, '诺基亚', 533.07, '2020-06-09', 'red', 'Nokia', 'published', 3, NULL, 5000);
INSERT INTO `chr_goods` VALUES (6, '诺基亚56', 533.07, '2020-06-09', 'red', 'Nokia', 'shelves', 1, NULL, 5000);
INSERT INTO `chr_goods` VALUES (7, '诺基亚57', 533.07, '2020-06-09', 'red', 'Nokia', 'shelves', 2, NULL, 5000);
INSERT INTO `chr_goods` VALUES (8, '诺基亚58', 533.07, '2020-06-09', 'red', 'Nokia', 'published', 1, NULL, 5000);
INSERT INTO `chr_goods` VALUES (9, '诺基亚59', 533.07, '2020-06-09', 'red', 'Nokia', 'shelves', 2, '616有测试m11', 5000);
INSERT INTO `chr_goods` VALUES (11, '诺基亚51', 192.20, '2020-06-09', 'red', 'Nokia', 'shelves', 1, '616测试inline2222', 5000);
INSERT INTO `chr_goods` VALUES (13, '诺基亚53', 533.07, '2020-06-09', 'red', 'Nokia', 'shelves', 2, NULL, 5000);
INSERT INTO `chr_goods` VALUES (14, '小米6', 999.00, '2020-05-26', 'yellow', 'mi', 'published', 1, '耐用', 5000);
INSERT INTO `chr_goods` VALUES (15, '三星7', 999.00, '2020-06-12', 'blue', 'samsung', 'published', 1, '好看', 5000);
INSERT INTO `chr_goods` VALUES (16, '小米7', 0.00, '2020-06-12', 'blue', 'mi', 'shelves', 2, '小米7', 5000);
INSERT INTO `chr_goods` VALUES (17, '小米8', 0.00, '2020-06-12', 'white', 'mi', 'published', 1, '小米8', 5000);
INSERT INTO `chr_goods` VALUES (18, '小米9', 222.00, '2020-06-12', 'blue', 'mi', 'published', 1, '999', 5000);
INSERT INTO `chr_goods` VALUES (21, '小米667', 18.99, '2020-06-19', 'orange', 'mi', 'published', 3, 'yeyeyenonoo', 5000);
INSERT INTO `chr_goods` VALUES (23, '小米668', 18.99, '2020-06-19', 'orange', 'mi', 'published', 3, 'yeyeyenonoo', 5000);
COMMIT;

-- ----------------------------
-- Table structure for chr_order
-- ----------------------------
DROP TABLE IF EXISTS `chr_order`;
CREATE TABLE `chr_order` (
  `oid` int(5) NOT NULL AUTO_INCREMENT,
  `uid` int(5) DEFAULT NULL,
  `username` varchar(32) COLLATE utf8_unicode_ci DEFAULT NULL,
  `goodsid` int(5) DEFAULT NULL,
  `goodsname` varchar(32) COLLATE utf8_unicode_ci DEFAULT NULL,
  `goodsprice` decimal(9,2) DEFAULT NULL,
  `number` int(11) DEFAULT NULL,
  PRIMARY KEY (`oid`)
) ENGINE=InnoDB AUTO_INCREMENT=107 DEFAULT CHARSET=utf8 COLLATE=utf8_unicode_ci;

-- ----------------------------
-- Table structure for chr_role
-- ----------------------------
DROP TABLE IF EXISTS `chr_role`;
CREATE TABLE `chr_role` (
  `id` int(5) NOT NULL AUTO_INCREMENT,
  `name` varchar(64) CHARACTER SET utf8 COLLATE utf8_unicode_ci DEFAULT NULL,
  `code` varchar(32) CHARACTER SET utf8 COLLATE utf8_unicode_ci DEFAULT NULL,
  `desc` varchar(128) CHARACTER SET utf8 COLLATE utf8_unicode_ci DEFAULT NULL,
  `is_use` int(1) DEFAULT NULL,
  PRIMARY KEY (`id`)
) ENGINE=InnoDB AUTO_INCREMENT=9 DEFAULT CHARSET=utf8 COLLATE=utf8_unicode_ci;

-- ----------------------------
-- Records of chr_role
-- ----------------------------
BEGIN;
INSERT INTO `chr_role` VALUES (1, '管理员', 'admin', '管理员', 0);
INSERT INTO `chr_role` VALUES (2, '测试', 'editor', '测试员', 0);
COMMIT;

-- ----------------------------
-- Table structure for chr_txlog
-- ----------------------------
DROP TABLE IF EXISTS `chr_txlog`;
CREATE TABLE `chr_txlog` (
  `tx_id` varchar(50) CHARACTER SET utf8 COLLATE utf8_unicode_ci NOT NULL,
  `date` date DEFAULT NULL,
  PRIMARY KEY (`tx_id`)
) ENGINE=InnoDB DEFAULT CHARSET=utf8 COLLATE=utf8_unicode_ci;

-- ----------------------------
-- Records of chr_txlog
-- ----------------------------
BEGIN;
INSERT INTO `chr_txlog` VALUES ('009d128381d84e1cbaf8f3128602a770', '2020-07-18');
INSERT INTO `chr_txlog` VALUES ('69fa4596f35747d7af333626d9cf2bba', '2020-07-18');
INSERT INTO `chr_txlog` VALUES ('7d599f91326f43dfabe47b38f052d6dc', '2020-06-28');
INSERT INTO `chr_txlog` VALUES ('bd17c2497a2a45d8a4124e099f44de26', '2020-07-18');
INSERT INTO `chr_txlog` VALUES ('c0e48303f4734629bcbea4e6a7aea5b9', '2020-07-18');
COMMIT;

-- ----------------------------
-- Table structure for chr_user
-- ----------------------------
DROP TABLE IF EXISTS `chr_user`;
CREATE TABLE `chr_user` (
  `id` int(10) NOT NULL AUTO_INCREMENT,
  `username` varchar(64) CHARACTER SET utf8 COLLATE utf8_unicode_ci DEFAULT NULL,
  `password` varchar(64) CHARACTER SET utf8 COLLATE utf8_unicode_ci DEFAULT NULL,
  `birthday` date DEFAULT NULL,
  `age` int(3) DEFAULT NULL,
  `is_use` int(1) DEFAULT NULL,
  `create_time` datetime DEFAULT NULL,
  `role_id` int(10) NOT NULL,
  `avatar` varchar(128) COLLATE utf8_unicode_ci DEFAULT NULL,
  `phone` varchar(11) COLLATE utf8_unicode_ci DEFAULT NULL,
  PRIMARY KEY (`id`)
) ENGINE=InnoDB AUTO_INCREMENT=35 DEFAULT CHARSET=utf8 COLLATE=utf8_unicode_ci;

-- ----------------------------
-- Records of chr_user
-- ----------------------------
BEGIN;
INSERT INTO `chr_user` VALUES (1, 'admin', '111111', '2020-06-02', 2, 0, '2020-06-07 10:57:04', 1, '/Users/chryl/upload/20200616/f778738c-e4f8-4870-b634-56703b4acafe.gif', '13287983898');
INSERT INTO `chr_user` VALUES (2, 'editor', '111111', '2020-06-01', 4, 0, '2020-06-26 15:45:19', 2, NULL, '13287983898');
COMMIT;

-- ----------------------------
-- Table structure for qrtz_blob_triggers
-- ----------------------------
DROP TABLE IF EXISTS `qrtz_blob_triggers`;
CREATE TABLE `qrtz_blob_triggers` (
  `SCHED_NAME` varchar(120) NOT NULL,
  `TRIGGER_NAME` varchar(200) NOT NULL,
  `TRIGGER_GROUP` varchar(200) NOT NULL,
  `BLOB_DATA` blob,
  PRIMARY KEY (`SCHED_NAME`,`TRIGGER_NAME`,`TRIGGER_GROUP`),
  KEY `SCHED_NAME` (`SCHED_NAME`,`TRIGGER_NAME`,`TRIGGER_GROUP`),
  CONSTRAINT `qrtz_blob_triggers_ibfk_1` FOREIGN KEY (`SCHED_NAME`, `TRIGGER_NAME`, `TRIGGER_GROUP`) REFERENCES `qrtz_triggers` (`SCHED_NAME`, `TRIGGER_NAME`, `TRIGGER_GROUP`)
) ENGINE=InnoDB DEFAULT CHARSET=utf8;

-- ----------------------------
-- Table structure for qrtz_calendars
-- ----------------------------
DROP TABLE IF EXISTS `qrtz_calendars`;
CREATE TABLE `qrtz_calendars` (
  `SCHED_NAME` varchar(120) NOT NULL,
  `CALENDAR_NAME` varchar(200) NOT NULL,
  `CALENDAR` blob NOT NULL,
  PRIMARY KEY (`SCHED_NAME`,`CALENDAR_NAME`)
) ENGINE=InnoDB DEFAULT CHARSET=utf8;

-- ----------------------------
-- Table structure for qrtz_cron_triggers
-- ----------------------------
DROP TABLE IF EXISTS `qrtz_cron_triggers`;
CREATE TABLE `qrtz_cron_triggers` (
  `SCHED_NAME` varchar(120) NOT NULL,
  `TRIGGER_NAME` varchar(200) NOT NULL,
  `TRIGGER_GROUP` varchar(200) NOT NULL,
  `CRON_EXPRESSION` varchar(120) NOT NULL,
  `TIME_ZONE_ID` varchar(80) DEFAULT NULL,
  PRIMARY KEY (`SCHED_NAME`,`TRIGGER_NAME`,`TRIGGER_GROUP`),
  CONSTRAINT `qrtz_cron_triggers_ibfk_1` FOREIGN KEY (`SCHED_NAME`, `TRIGGER_NAME`, `TRIGGER_GROUP`) REFERENCES `qrtz_triggers` (`SCHED_NAME`, `TRIGGER_NAME`, `TRIGGER_GROUP`)
) ENGINE=InnoDB DEFAULT CHARSET=utf8;

-- ----------------------------
-- Records of qrtz_cron_triggers
-- ----------------------------
BEGIN;
INSERT INTO `qrtz_cron_triggers` VALUES ('clusteredScheduler', 'TASK_28', 'DEFAULT', '0 * * * * ?', 'Asia/Shanghai');
INSERT INTO `qrtz_cron_triggers` VALUES ('clusteredScheduler', 'TASK_29', 'DEFAULT', '0 * * * * ?', 'Asia/Shanghai');
COMMIT;

-- ----------------------------
-- Table structure for qrtz_fired_triggers
-- ----------------------------
DROP TABLE IF EXISTS `qrtz_fired_triggers`;
CREATE TABLE `qrtz_fired_triggers` (
  `SCHED_NAME` varchar(120) NOT NULL,
  `ENTRY_ID` varchar(95) NOT NULL,
  `TRIGGER_NAME` varchar(200) NOT NULL,
  `TRIGGER_GROUP` varchar(200) NOT NULL,
  `INSTANCE_NAME` varchar(200) NOT NULL,
  `FIRED_TIME` bigint(13) NOT NULL,
  `SCHED_TIME` bigint(13) NOT NULL,
  `PRIORITY` int(11) NOT NULL,
  `STATE` varchar(16) NOT NULL,
  `JOB_NAME` varchar(200) DEFAULT NULL,
  `JOB_GROUP` varchar(200) DEFAULT NULL,
  `IS_NONCONCURRENT` varchar(1) DEFAULT NULL,
  `REQUESTS_RECOVERY` varchar(1) DEFAULT NULL,
  PRIMARY KEY (`SCHED_NAME`,`ENTRY_ID`),
  KEY `IDX_QRTZ_FT_TRIG_INST_NAME` (`SCHED_NAME`,`INSTANCE_NAME`),
  KEY `IDX_QRTZ_FT_INST_JOB_REQ_RCVRY` (`SCHED_NAME`,`INSTANCE_NAME`,`REQUESTS_RECOVERY`),
  KEY `IDX_QRTZ_FT_J_G` (`SCHED_NAME`,`JOB_NAME`,`JOB_GROUP`),
  KEY `IDX_QRTZ_FT_JG` (`SCHED_NAME`,`JOB_GROUP`),
  KEY `IDX_QRTZ_FT_T_G` (`SCHED_NAME`,`TRIGGER_NAME`,`TRIGGER_GROUP`),
  KEY `IDX_QRTZ_FT_TG` (`SCHED_NAME`,`TRIGGER_GROUP`)
) ENGINE=InnoDB DEFAULT CHARSET=utf8;

-- ----------------------------
-- Table structure for qrtz_job_details
-- ----------------------------
DROP TABLE IF EXISTS `qrtz_job_details`;
CREATE TABLE `qrtz_job_details` (
  `SCHED_NAME` varchar(120) NOT NULL,
  `JOB_NAME` varchar(200) NOT NULL,
  `JOB_GROUP` varchar(200) NOT NULL,
  `DESCRIPTION` varchar(250) DEFAULT NULL,
  `JOB_CLASS_NAME` varchar(250) NOT NULL,
  `IS_DURABLE` varchar(1) NOT NULL,
  `IS_NONCONCURRENT` varchar(1) NOT NULL,
  `IS_UPDATE_DATA` varchar(1) NOT NULL,
  `REQUESTS_RECOVERY` varchar(1) NOT NULL,
  `JOB_DATA` blob,
  PRIMARY KEY (`SCHED_NAME`,`JOB_NAME`,`JOB_GROUP`),
  KEY `IDX_QRTZ_J_REQ_RECOVERY` (`SCHED_NAME`,`REQUESTS_RECOVERY`),
  KEY `IDX_QRTZ_J_GRP` (`SCHED_NAME`,`JOB_GROUP`)
) ENGINE=InnoDB DEFAULT CHARSET=utf8;

-- ----------------------------
-- Records of qrtz_job_details
-- ----------------------------
BEGIN;
INSERT INTO `qrtz_job_details` VALUES ('clusteredScheduler', 'TASK_28', 'DEFAULT', NULL, 'com.chryl.quartz.config.QuartzJob', '0', '1', '0', '0', 0xACED0005737200156F72672E71756172747A2E4A6F62446174614D61709FB083E8BFA9B0CB020000787200266F72672E71756172747A2E7574696C732E537472696E674B65794469727479466C61674D61708208E8C3FBC55D280200015A0013616C6C6F77735472616E7369656E74446174617872001D6F72672E71756172747A2E7574696C732E4469727479466C61674D617013E62EAD28760ACE0200025A000564697274794C00036D617074000F4C6A6176612F7574696C2F4D61703B787001737200116A6176612E7574696C2E486173684D61700507DAC1C31660D103000246000A6C6F6164466163746F724900097468726573686F6C6478703F4000000000000C7708000000100000000174000D4A4F425F504152414D5F4B455973720022636F6D2E636872796C2E71756172747A2E6D6F64656C2E5363686564756C654A6F627EFB64EA8291AB0C0200084C00086265616E4E616D657400124C6A6176612F6C616E672F537472696E673B4C000A63726561746554696D657400104C6A6176612F7574696C2F446174653B4C000E63726F6E45787072657373696F6E71007E00094C00056A6F6249647400104C6A6176612F6C616E672F4C6F6E673B4C000A6D6574686F644E616D6571007E00094C0006706172616D7371007E00094C000672656D61726B71007E00094C00067374617475737400134C6A6176612F6C616E672F496E74656765723B7870740008746573745461736B7372000E6A6176612E7574696C2E44617465686A81014B5974190300007870770800000174B89B443D7874000B30202A202A202A202A203F7372000E6A6176612E6C616E672E4C6F6E673B8BE490CC8F23DF0200014A000576616C7565787200106A6176612E6C616E672E4E756D62657286AC951D0B94E08B0200007870000000000000001C740005746573743174000071007E0016737200116A6176612E6C616E672E496E746567657212E2A0A4F781873802000149000576616C75657871007E0013000000007800);
INSERT INTO `qrtz_job_details` VALUES ('clusteredScheduler', 'TASK_29', 'DEFAULT', NULL, 'com.chryl.quartz.config.QuartzJob', '0', '1', '0', '0', 0xACED0005737200156F72672E71756172747A2E4A6F62446174614D61709FB083E8BFA9B0CB020000787200266F72672E71756172747A2E7574696C732E537472696E674B65794469727479466C61674D61708208E8C3FBC55D280200015A0013616C6C6F77735472616E7369656E74446174617872001D6F72672E71756172747A2E7574696C732E4469727479466C61674D617013E62EAD28760ACE0200025A000564697274794C00036D617074000F4C6A6176612F7574696C2F4D61703B787001737200116A6176612E7574696C2E486173684D61700507DAC1C31660D103000246000A6C6F6164466163746F724900097468726573686F6C6478703F4000000000000C7708000000100000000174000D4A4F425F504152414D5F4B455973720022636F6D2E636872796C2E71756172747A2E6D6F64656C2E5363686564756C654A6F627EFB64EA8291AB0C0200084C00086265616E4E616D657400124C6A6176612F6C616E672F537472696E673B4C000A63726561746554696D657400104C6A6176612F7574696C2F446174653B4C000E63726F6E45787072657373696F6E71007E00094C00056A6F6249647400104C6A6176612F6C616E672F4C6F6E673B4C000A6D6574686F644E616D6571007E00094C0006706172616D7371007E00094C000672656D61726B71007E00094C00067374617475737400134C6A6176612F6C616E672F496E74656765723B7870740008746573745461736B7372000E6A6176612E7574696C2E44617465686A81014B5974190300007870770800000174B8F0129C7874000B30202A202A202A202A203F7372000E6A6176612E6C616E672E4C6F6E673B8BE490CC8F23DF0200014A000576616C7565787200106A6176612E6C616E672E4E756D62657286AC951D0B94E08B0200007870000000000000001D7400057465737432740000740006636573686932737200116A6176612E6C616E672E496E746567657212E2A0A4F781873802000149000576616C75657871007E0013000000007800);
COMMIT;

-- ----------------------------
-- Table structure for qrtz_locks
-- ----------------------------
DROP TABLE IF EXISTS `qrtz_locks`;
CREATE TABLE `qrtz_locks` (
  `SCHED_NAME` varchar(120) NOT NULL,
  `LOCK_NAME` varchar(40) NOT NULL,
  PRIMARY KEY (`SCHED_NAME`,`LOCK_NAME`)
) ENGINE=InnoDB DEFAULT CHARSET=utf8;

-- ----------------------------
-- Records of qrtz_locks
-- ----------------------------
BEGIN;
INSERT INTO `qrtz_locks` VALUES ('clusteredScheduler', 'STATE_ACCESS');
INSERT INTO `qrtz_locks` VALUES ('clusteredScheduler', 'TRIGGER_ACCESS');
COMMIT;

-- ----------------------------
-- Table structure for qrtz_paused_trigger_grps
-- ----------------------------
DROP TABLE IF EXISTS `qrtz_paused_trigger_grps`;
CREATE TABLE `qrtz_paused_trigger_grps` (
  `SCHED_NAME` varchar(120) NOT NULL,
  `TRIGGER_GROUP` varchar(200) NOT NULL,
  PRIMARY KEY (`SCHED_NAME`,`TRIGGER_GROUP`)
) ENGINE=InnoDB DEFAULT CHARSET=utf8;

-- ----------------------------
-- Table structure for qrtz_scheduler_state
-- ----------------------------
DROP TABLE IF EXISTS `qrtz_scheduler_state`;
CREATE TABLE `qrtz_scheduler_state` (
  `SCHED_NAME` varchar(120) NOT NULL,
  `INSTANCE_NAME` varchar(200) NOT NULL,
  `LAST_CHECKIN_TIME` bigint(13) NOT NULL,
  `CHECKIN_INTERVAL` bigint(13) NOT NULL,
  PRIMARY KEY (`SCHED_NAME`,`INSTANCE_NAME`)
) ENGINE=InnoDB DEFAULT CHARSET=utf8;

-- ----------------------------
-- Records of qrtz_scheduler_state
-- ----------------------------
BEGIN;
INSERT INTO `qrtz_scheduler_state` VALUES ('clusteredScheduler', 'Chryl-MacBook-Pro.local1600825691174', 1600832095634, 10000);
COMMIT;

-- ----------------------------
-- Table structure for qrtz_simple_triggers
-- ----------------------------
DROP TABLE IF EXISTS `qrtz_simple_triggers`;
CREATE TABLE `qrtz_simple_triggers` (
  `SCHED_NAME` varchar(120) NOT NULL,
  `TRIGGER_NAME` varchar(200) NOT NULL,
  `TRIGGER_GROUP` varchar(200) NOT NULL,
  `REPEAT_COUNT` bigint(7) NOT NULL,
  `REPEAT_INTERVAL` bigint(12) NOT NULL,
  `TIMES_TRIGGERED` bigint(10) NOT NULL,
  PRIMARY KEY (`SCHED_NAME`,`TRIGGER_NAME`,`TRIGGER_GROUP`),
  CONSTRAINT `qrtz_simple_triggers_ibfk_1` FOREIGN KEY (`SCHED_NAME`, `TRIGGER_NAME`, `TRIGGER_GROUP`) REFERENCES `qrtz_triggers` (`SCHED_NAME`, `TRIGGER_NAME`, `TRIGGER_GROUP`)
) ENGINE=InnoDB DEFAULT CHARSET=utf8;

-- ----------------------------
-- Table structure for qrtz_simprop_triggers
-- ----------------------------
DROP TABLE IF EXISTS `qrtz_simprop_triggers`;
CREATE TABLE `qrtz_simprop_triggers` (
  `SCHED_NAME` varchar(120) NOT NULL,
  `TRIGGER_NAME` varchar(200) NOT NULL,
  `TRIGGER_GROUP` varchar(200) NOT NULL,
  `STR_PROP_1` varchar(512) DEFAULT NULL,
  `STR_PROP_2` varchar(512) DEFAULT NULL,
  `STR_PROP_3` varchar(512) DEFAULT NULL,
  `INT_PROP_1` int(11) DEFAULT NULL,
  `INT_PROP_2` int(11) DEFAULT NULL,
  `LONG_PROP_1` bigint(20) DEFAULT NULL,
  `LONG_PROP_2` bigint(20) DEFAULT NULL,
  `DEC_PROP_1` decimal(13,4) DEFAULT NULL,
  `DEC_PROP_2` decimal(13,4) DEFAULT NULL,
  `BOOL_PROP_1` varchar(1) DEFAULT NULL,
  `BOOL_PROP_2` varchar(1) DEFAULT NULL,
  PRIMARY KEY (`SCHED_NAME`,`TRIGGER_NAME`,`TRIGGER_GROUP`),
  CONSTRAINT `qrtz_simprop_triggers_ibfk_1` FOREIGN KEY (`SCHED_NAME`, `TRIGGER_NAME`, `TRIGGER_GROUP`) REFERENCES `qrtz_triggers` (`SCHED_NAME`, `TRIGGER_NAME`, `TRIGGER_GROUP`)
) ENGINE=InnoDB DEFAULT CHARSET=utf8;

-- ----------------------------
-- Table structure for qrtz_triggers
-- ----------------------------
DROP TABLE IF EXISTS `qrtz_triggers`;
CREATE TABLE `qrtz_triggers` (
  `SCHED_NAME` varchar(120) NOT NULL,
  `TRIGGER_NAME` varchar(200) NOT NULL,
  `TRIGGER_GROUP` varchar(200) NOT NULL,
  `JOB_NAME` varchar(200) NOT NULL,
  `JOB_GROUP` varchar(200) NOT NULL,
  `DESCRIPTION` varchar(250) DEFAULT NULL,
  `NEXT_FIRE_TIME` bigint(13) DEFAULT NULL,
  `PREV_FIRE_TIME` bigint(13) DEFAULT NULL,
  `PRIORITY` int(11) DEFAULT NULL,
  `TRIGGER_STATE` varchar(16) NOT NULL,
  `TRIGGER_TYPE` varchar(8) NOT NULL,
  `START_TIME` bigint(13) NOT NULL,
  `END_TIME` bigint(13) DEFAULT NULL,
  `CALENDAR_NAME` varchar(200) DEFAULT NULL,
  `MISFIRE_INSTR` smallint(2) DEFAULT NULL,
  `JOB_DATA` blob,
  PRIMARY KEY (`SCHED_NAME`,`TRIGGER_NAME`,`TRIGGER_GROUP`),
  KEY `IDX_QRTZ_T_J` (`SCHED_NAME`,`JOB_NAME`,`JOB_GROUP`),
  KEY `IDX_QRTZ_T_JG` (`SCHED_NAME`,`JOB_GROUP`),
  KEY `IDX_QRTZ_T_C` (`SCHED_NAME`,`CALENDAR_NAME`),
  KEY `IDX_QRTZ_T_G` (`SCHED_NAME`,`TRIGGER_GROUP`),
  KEY `IDX_QRTZ_T_STATE` (`SCHED_NAME`,`TRIGGER_STATE`),
  KEY `IDX_QRTZ_T_N_STATE` (`SCHED_NAME`,`TRIGGER_NAME`,`TRIGGER_GROUP`,`TRIGGER_STATE`),
  KEY `IDX_QRTZ_T_N_G_STATE` (`SCHED_NAME`,`TRIGGER_GROUP`,`TRIGGER_STATE`),
  KEY `IDX_QRTZ_T_NEXT_FIRE_TIME` (`SCHED_NAME`,`NEXT_FIRE_TIME`),
  KEY `IDX_QRTZ_T_NFT_ST` (`SCHED_NAME`,`TRIGGER_STATE`,`NEXT_FIRE_TIME`),
  KEY `IDX_QRTZ_T_NFT_MISFIRE` (`SCHED_NAME`,`MISFIRE_INSTR`,`NEXT_FIRE_TIME`),
  KEY `IDX_QRTZ_T_NFT_ST_MISFIRE` (`SCHED_NAME`,`MISFIRE_INSTR`,`NEXT_FIRE_TIME`,`TRIGGER_STATE`),
  KEY `IDX_QRTZ_T_NFT_ST_MISFIRE_GRP` (`SCHED_NAME`,`MISFIRE_INSTR`,`NEXT_FIRE_TIME`,`TRIGGER_GROUP`,`TRIGGER_STATE`),
  CONSTRAINT `qrtz_triggers_ibfk_1` FOREIGN KEY (`SCHED_NAME`, `JOB_NAME`, `JOB_GROUP`) REFERENCES `qrtz_job_details` (`SCHED_NAME`, `JOB_NAME`, `JOB_GROUP`)
) ENGINE=InnoDB DEFAULT CHARSET=utf8;

-- ----------------------------
-- Records of qrtz_triggers
-- ----------------------------
BEGIN;
INSERT INTO `qrtz_triggers` VALUES ('clusteredScheduler', 'TASK_28', 'DEFAULT', 'TASK_28', 'DEFAULT', NULL, 1600825560000, 1600825500000, 5, 'PAUSED', 'CRON', 1600825017000, 0, NULL, 1, '');
INSERT INTO `qrtz_triggers` VALUES ('clusteredScheduler', 'TASK_29', 'DEFAULT', 'TASK_29', 'DEFAULT', NULL, 1600830600000, -1, 5, 'PAUSED', 'CRON', 1600830575000, 0, NULL, 1, '');
COMMIT;

-- ----------------------------
-- Table structure for tz_schedule_job
-- ----------------------------
DROP TABLE IF EXISTS `tz_schedule_job`;
CREATE TABLE `tz_schedule_job` (
  `job_id` bigint(20) NOT NULL AUTO_INCREMENT COMMENT '任务id',
  `bean_name` varchar(200) DEFAULT NULL COMMENT 'spring bean名称',
  `method_name` varchar(100) DEFAULT NULL COMMENT '方法名',
  `params` varchar(2000) DEFAULT NULL COMMENT '参数',
  `cron_expression` varchar(100) DEFAULT NULL COMMENT 'cron表达式',
  `status` tinyint(4) DEFAULT NULL COMMENT '任务状态  0：正常  1：暂停',
  `remark` varchar(255) DEFAULT NULL COMMENT '备注',
  `create_time` datetime DEFAULT NULL COMMENT '创建时间',
  PRIMARY KEY (`job_id`)
) ENGINE=InnoDB AUTO_INCREMENT=30 DEFAULT CHARSET=utf8 COMMENT='定时任务';

-- ----------------------------
-- Records of tz_schedule_job
-- ----------------------------
BEGIN;
INSERT INTO `tz_schedule_job` VALUES (28, 'testTask', 'test1', '', '0 * * * * ?', 1, '', '2020-09-23 09:36:57');
INSERT INTO `tz_schedule_job` VALUES (29, 'testTask', 'test2', '', '0 * * * * ?', 1, 'ceshi2', '2020-09-23 11:09:35');
COMMIT;

-- ----------------------------
-- Table structure for tz_schedule_job_log
-- ----------------------------
DROP TABLE IF EXISTS `tz_schedule_job_log`;
CREATE TABLE `tz_schedule_job_log` (
  `log_id` bigint(20) NOT NULL AUTO_INCREMENT COMMENT '任务日志id',
  `job_id` bigint(20) NOT NULL COMMENT '任务id',
  `bean_name` varchar(200) DEFAULT NULL COMMENT 'spring bean名称',
  `method_name` varchar(100) DEFAULT NULL COMMENT '方法名',
  `params` varchar(2000) DEFAULT NULL COMMENT '参数',
  `status` tinyint(4) NOT NULL COMMENT '任务状态    0：成功    1：失败',
  `error` varchar(2000) DEFAULT NULL COMMENT '失败信息',
  `times` int(11) NOT NULL COMMENT '耗时(单位：毫秒)',
  `create_time` datetime DEFAULT NULL COMMENT '创建时间',
  PRIMARY KEY (`log_id`),
  KEY `job_id` (`job_id`)
) ENGINE=InnoDB AUTO_INCREMENT=133 DEFAULT CHARSET=utf8 COMMENT='定时任务日志';

-- ----------------------------
-- Records of tz_schedule_job_log
-- ----------------------------
BEGIN;
INSERT INTO `tz_schedule_job_log` VALUES (99, 27, 'testTask', 'test1', '', 1, '测试错误啦', 41, '2020-09-23 08:59:00');
INSERT INTO `tz_schedule_job_log` VALUES (100, 27, 'testTask', 'test1', '', 0, NULL, 0, '2020-09-23 09:00:00');
INSERT INTO `tz_schedule_job_log` VALUES (101, 27, 'testTask', 'test1', '', 0, NULL, 1, '2020-09-23 09:01:00');
INSERT INTO `tz_schedule_job_log` VALUES (102, 27, 'testTask', 'test1', '', 0, NULL, 0, '2020-09-23 09:02:00');
INSERT INTO `tz_schedule_job_log` VALUES (103, 27, 'testTask', 'test1', '', 0, NULL, 0, '2020-09-23 09:03:00');
INSERT INTO `tz_schedule_job_log` VALUES (104, 27, 'testTask', 'test1', '', 0, NULL, 1, '2020-09-23 09:04:00');
INSERT INTO `tz_schedule_job_log` VALUES (105, 27, 'testTask', 'test1', '', 0, NULL, 0, '2020-09-23 09:05:00');
INSERT INTO `tz_schedule_job_log` VALUES (106, 27, 'testTask', 'test1', '', 0, NULL, 0, '2020-09-23 09:06:00');
INSERT INTO `tz_schedule_job_log` VALUES (107, 27, 'testTask', 'test1', '', 0, NULL, 0, '2020-09-23 09:07:00');
INSERT INTO `tz_schedule_job_log` VALUES (108, 27, 'testTask', 'test1', '', 0, NULL, 0, '2020-09-23 09:08:00');
INSERT INTO `tz_schedule_job_log` VALUES (109, 27, 'testTask', 'test1', '', 0, NULL, 0, '2020-09-23 09:09:00');
INSERT INTO `tz_schedule_job_log` VALUES (110, 27, 'testTask', 'test1', '', 0, NULL, 0, '2020-09-23 09:10:00');
INSERT INTO `tz_schedule_job_log` VALUES (111, 27, 'testTask', 'test1', '', 0, NULL, 0, '2020-09-23 09:11:00');
INSERT INTO `tz_schedule_job_log` VALUES (112, 27, 'testTask', 'test1', '', 0, NULL, 2, '2020-09-23 09:12:00');
INSERT INTO `tz_schedule_job_log` VALUES (113, 27, 'testTask', 'test1', '', 0, NULL, 0, '2020-09-23 09:13:00');
INSERT INTO `tz_schedule_job_log` VALUES (114, 27, 'testTask', 'test1', '', 0, NULL, 0, '2020-09-23 09:14:00');
INSERT INTO `tz_schedule_job_log` VALUES (115, 27, 'testTask', 'test1', '', 0, NULL, 0, '2020-09-23 09:15:00');
INSERT INTO `tz_schedule_job_log` VALUES (116, 27, 'testTask', 'test1', '', 0, NULL, 0, '2020-09-23 09:16:00');
INSERT INTO `tz_schedule_job_log` VALUES (117, 27, 'testTask', 'test1', '', 0, NULL, 0, '2020-09-23 09:17:00');
INSERT INTO `tz_schedule_job_log` VALUES (118, 27, 'testTask', 'test1', '', 0, NULL, 0, '2020-09-23 09:18:00');
INSERT INTO `tz_schedule_job_log` VALUES (119, 27, 'testTask', 'test1', '', 0, NULL, 0, '2020-09-23 09:19:00');
INSERT INTO `tz_schedule_job_log` VALUES (120, 27, 'testTask', 'test1', '', 0, NULL, 0, '2020-09-23 09:20:00');
INSERT INTO `tz_schedule_job_log` VALUES (121, 27, 'testTask', 'test1', '', 0, NULL, 1, '2020-09-23 09:21:00');
INSERT INTO `tz_schedule_job_log` VALUES (122, 27, 'testTask', 'test1', '', 0, NULL, 0, '2020-09-23 09:22:00');
INSERT INTO `tz_schedule_job_log` VALUES (123, 27, 'testTask', 'test1', '', 0, NULL, 0, '2020-09-23 09:23:00');
INSERT INTO `tz_schedule_job_log` VALUES (124, 28, 'testTask', 'test1', '', 0, NULL, 51, '2020-09-23 09:37:19');
INSERT INTO `tz_schedule_job_log` VALUES (125, 28, 'testTask', 'test1', '', 0, NULL, 0, '2020-09-23 09:38:00');
INSERT INTO `tz_schedule_job_log` VALUES (126, 28, 'testTask', 'test1', '', 0, NULL, 0, '2020-09-23 09:39:06');
INSERT INTO `tz_schedule_job_log` VALUES (127, 28, 'testTask', 'test1', '', 0, NULL, 50, '2020-09-23 09:43:38');
INSERT INTO `tz_schedule_job_log` VALUES (128, 28, 'testTask', 'test1', '', 0, NULL, 46, '2020-09-23 09:44:05');
INSERT INTO `tz_schedule_job_log` VALUES (129, 28, 'testTask', 'test1', '', 0, NULL, 0, '2020-09-23 09:45:01');
INSERT INTO `tz_schedule_job_log` VALUES (130, 28, 'testTask', 'test1', '', 0, NULL, 0, '2020-09-23 09:45:01');
INSERT INTO `tz_schedule_job_log` VALUES (131, 28, 'testTask', 'test1', '', 0, NULL, 0, '2020-09-23 09:45:11');
INSERT INTO `tz_schedule_job_log` VALUES (132, 28, 'testTask', 'test1', '', 0, NULL, 0, '2020-09-23 09:45:11');
COMMIT;

-- ----------------------------
-- Table structure for undo_log
-- ----------------------------
DROP TABLE IF EXISTS `undo_log`;
CREATE TABLE `undo_log` (
  `id` bigint(20) NOT NULL AUTO_INCREMENT,
  `branch_id` bigint(20) NOT NULL,
  `xid` varchar(100) NOT NULL,
  `context` varchar(128) NOT NULL,
  `rollback_info` longblob NOT NULL,
  `log_status` int(11) NOT NULL,
  `log_created` datetime NOT NULL,
  `log_modified` datetime NOT NULL,
  PRIMARY KEY (`id`),
  UNIQUE KEY `ux_undo_log` (`xid`,`branch_id`)
) ENGINE=InnoDB AUTO_INCREMENT=73 DEFAULT CHARSET=utf8;

-- ----------------------------
-- Records of undo_log
-- ----------------------------
BEGIN;
INSERT INTO `undo_log` VALUES (1, 2047056500, '192.168.0.135:9000:2047056499', 'serializer=jackson', 0x7B2240636C617373223A22696F2E73656174612E726D2E64617461736F757263652E756E646F2E4272616E6368556E646F4C6F67222C22786964223A223139322E3136382E302E3133353A393030303A32303437303536343939222C226272616E63684964223A323034373035363530302C2273716C556E646F4C6F6773223A5B226A6176612E7574696C2E41727261794C697374222C5B7B2240636C617373223A22696F2E73656174612E726D2E64617461736F757263652E756E646F2E53514C556E646F4C6F67222C2273716C54797065223A22494E53455254222C227461626C654E616D65223A226368725F6F72646572222C226265666F7265496D616765223A7B2240636C617373223A22696F2E73656174612E726D2E64617461736F757263652E73716C2E7374727563742E5461626C655265636F72647324456D7074795461626C655265636F726473222C227461626C654E616D65223A226368725F6F72646572222C22726F7773223A5B226A6176612E7574696C2E41727261794C697374222C5B5D5D7D2C226166746572496D616765223A7B2240636C617373223A22696F2E73656174612E726D2E64617461736F757263652E73716C2E7374727563742E5461626C655265636F726473222C227461626C654E616D65223A226368725F6F72646572222C22726F7773223A5B226A6176612E7574696C2E41727261794C697374222C5B7B2240636C617373223A22696F2E73656174612E726D2E64617461736F757263652E73716C2E7374727563742E526F77222C226669656C6473223A5B226A6176612E7574696C2E41727261794C697374222C5B7B2240636C617373223A22696F2E73656174612E726D2E64617461736F757263652E73716C2E7374727563742E4669656C64222C226E616D65223A226F6964222C226B657954797065223A225072696D6172794B6579222C2274797065223A342C2276616C7565223A33327D2C7B2240636C617373223A22696F2E73656174612E726D2E64617461736F757263652E73716C2E7374727563742E4669656C64222C226E616D65223A22756964222C226B657954797065223A224E554C4C222C2274797065223A342C2276616C7565223A317D2C7B2240636C617373223A22696F2E73656174612E726D2E64617461736F757263652E73716C2E7374727563742E4669656C64222C226E616D65223A22757365726E616D65222C226B657954797065223A224E554C4C222C2274797065223A31322C2276616C7565223A22636872796C227D2C7B2240636C617373223A22696F2E73656174612E726D2E64617461736F757263652E73716C2E7374727563742E4669656C64222C226E616D65223A22676F6F64736964222C226B657954797065223A224E554C4C222C2274797065223A342C2276616C7565223A327D2C7B2240636C617373223A22696F2E73656174612E726D2E64617461736F757263652E73716C2E7374727563742E4669656C64222C226E616D65223A22676F6F64736E616D65222C226B657954797065223A224E554C4C222C2274797065223A31322C2276616C7565223A22E4B889E6989F227D2C7B2240636C617373223A22696F2E73656174612E726D2E64617461736F757263652E73716C2E7374727563742E4669656C64222C226E616D65223A22676F6F64737072696365222C226B657954797065223A224E554C4C222C2274797065223A332C2276616C7565223A5B226A6176612E6D6174682E426967446563696D616C222C3936392E30315D7D2C7B2240636C617373223A22696F2E73656174612E726D2E64617461736F757263652E73716C2E7374727563742E4669656C64222C226E616D65223A226E756D626572222C226B657954797065223A224E554C4C222C2274797065223A342C2276616C7565223A317D5D5D7D5D5D7D7D5D5D7D, 0, '2020-06-28 15:30:25', '2020-06-28 15:30:25');
INSERT INTO `undo_log` VALUES (3, 2047056504, '192.168.0.135:9000:2047056503', 'serializer=jackson', 0x7B2240636C617373223A22696F2E73656174612E726D2E64617461736F757263652E756E646F2E4272616E6368556E646F4C6F67222C22786964223A223139322E3136382E302E3133353A393030303A32303437303536353033222C226272616E63684964223A323034373035363530342C2273716C556E646F4C6F6773223A5B226A6176612E7574696C2E41727261794C697374222C5B7B2240636C617373223A22696F2E73656174612E726D2E64617461736F757263652E756E646F2E53514C556E646F4C6F67222C2273716C54797065223A22494E53455254222C227461626C654E616D65223A226368725F6F72646572222C226265666F7265496D616765223A7B2240636C617373223A22696F2E73656174612E726D2E64617461736F757263652E73716C2E7374727563742E5461626C655265636F72647324456D7074795461626C655265636F726473222C227461626C654E616D65223A226368725F6F72646572222C22726F7773223A5B226A6176612E7574696C2E41727261794C697374222C5B5D5D7D2C226166746572496D616765223A7B2240636C617373223A22696F2E73656174612E726D2E64617461736F757263652E73716C2E7374727563742E5461626C655265636F726473222C227461626C654E616D65223A226368725F6F72646572222C22726F7773223A5B226A6176612E7574696C2E41727261794C697374222C5B7B2240636C617373223A22696F2E73656174612E726D2E64617461736F757263652E73716C2E7374727563742E526F77222C226669656C6473223A5B226A6176612E7574696C2E41727261794C697374222C5B7B2240636C617373223A22696F2E73656174612E726D2E64617461736F757263652E73716C2E7374727563742E4669656C64222C226E616D65223A226F6964222C226B657954797065223A225072696D6172794B6579222C2274797065223A342C2276616C7565223A33347D2C7B2240636C617373223A22696F2E73656174612E726D2E64617461736F757263652E73716C2E7374727563742E4669656C64222C226E616D65223A22756964222C226B657954797065223A224E554C4C222C2274797065223A342C2276616C7565223A317D2C7B2240636C617373223A22696F2E73656174612E726D2E64617461736F757263652E73716C2E7374727563742E4669656C64222C226E616D65223A22757365726E616D65222C226B657954797065223A224E554C4C222C2274797065223A31322C2276616C7565223A22636872796C227D2C7B2240636C617373223A22696F2E73656174612E726D2E64617461736F757263652E73716C2E7374727563742E4669656C64222C226E616D65223A22676F6F64736964222C226B657954797065223A224E554C4C222C2274797065223A342C2276616C7565223A327D2C7B2240636C617373223A22696F2E73656174612E726D2E64617461736F757263652E73716C2E7374727563742E4669656C64222C226E616D65223A22676F6F64736E616D65222C226B657954797065223A224E554C4C222C2274797065223A31322C2276616C7565223A22E4B889E6989F227D2C7B2240636C617373223A22696F2E73656174612E726D2E64617461736F757263652E73716C2E7374727563742E4669656C64222C226E616D65223A22676F6F64737072696365222C226B657954797065223A224E554C4C222C2274797065223A332C2276616C7565223A5B226A6176612E6D6174682E426967446563696D616C222C3936392E30315D7D2C7B2240636C617373223A22696F2E73656174612E726D2E64617461736F757263652E73716C2E7374727563742E4669656C64222C226E616D65223A226E756D626572222C226B657954797065223A224E554C4C222C2274797065223A342C2276616C7565223A317D5D5D7D5D5D7D7D5D5D7D, 0, '2020-06-28 15:36:06', '2020-06-28 15:36:06');
INSERT INTO `undo_log` VALUES (17, 2050607396, '192.168.10.38:9000:2050607395', 'serializer=jackson', 0x7B2240636C617373223A22696F2E73656174612E726D2E64617461736F757263652E756E646F2E4272616E6368556E646F4C6F67222C22786964223A223139322E3136382E31302E33383A393030303A32303530363037333935222C226272616E63684964223A323035303630373339362C2273716C556E646F4C6F6773223A5B226A6176612E7574696C2E41727261794C697374222C5B7B2240636C617373223A22696F2E73656174612E726D2E64617461736F757263652E756E646F2E53514C556E646F4C6F67222C2273716C54797065223A22494E53455254222C227461626C654E616D65223A226368725F6F72646572222C226265666F7265496D616765223A7B2240636C617373223A22696F2E73656174612E726D2E64617461736F757263652E73716C2E7374727563742E5461626C655265636F72647324456D7074795461626C655265636F726473222C227461626C654E616D65223A226368725F6F72646572222C22726F7773223A5B226A6176612E7574696C2E41727261794C697374222C5B5D5D7D2C226166746572496D616765223A7B2240636C617373223A22696F2E73656174612E726D2E64617461736F757263652E73716C2E7374727563742E5461626C655265636F726473222C227461626C654E616D65223A226368725F6F72646572222C22726F7773223A5B226A6176612E7574696C2E41727261794C697374222C5B7B2240636C617373223A22696F2E73656174612E726D2E64617461736F757263652E73716C2E7374727563742E526F77222C226669656C6473223A5B226A6176612E7574696C2E41727261794C697374222C5B7B2240636C617373223A22696F2E73656174612E726D2E64617461736F757263652E73716C2E7374727563742E4669656C64222C226E616D65223A226F6964222C226B657954797065223A225072696D6172794B6579222C2274797065223A342C2276616C7565223A35317D2C7B2240636C617373223A22696F2E73656174612E726D2E64617461736F757263652E73716C2E7374727563742E4669656C64222C226E616D65223A22756964222C226B657954797065223A224E554C4C222C2274797065223A342C2276616C7565223A317D2C7B2240636C617373223A22696F2E73656174612E726D2E64617461736F757263652E73716C2E7374727563742E4669656C64222C226E616D65223A22757365726E616D65222C226B657954797065223A224E554C4C222C2274797065223A31322C2276616C7565223A22636872796C227D2C7B2240636C617373223A22696F2E73656174612E726D2E64617461736F757263652E73716C2E7374727563742E4669656C64222C226E616D65223A22676F6F64736964222C226B657954797065223A224E554C4C222C2274797065223A342C2276616C7565223A317D2C7B2240636C617373223A22696F2E73656174612E726D2E64617461736F757263652E73716C2E7374727563742E4669656C64222C226E616D65223A22676F6F64736E616D65222C226B657954797065223A224E554C4C222C2274797065223A31322C2276616C7565223A22E5B08FE7B1B3227D2C7B2240636C617373223A22696F2E73656174612E726D2E64617461736F757263652E73716C2E7374727563742E4669656C64222C226E616D65223A22676F6F64737072696365222C226B657954797065223A224E554C4C222C2274797065223A332C2276616C7565223A5B226A6176612E6D6174682E426967446563696D616C222C3839392E36375D7D2C7B2240636C617373223A22696F2E73656174612E726D2E64617461736F757263652E73716C2E7374727563742E4669656C64222C226E616D65223A226E756D626572222C226B657954797065223A224E554C4C222C2274797065223A342C2276616C7565223A317D5D5D7D5D5D7D7D5D5D7D, 0, '2020-08-08 17:54:11', '2020-08-08 17:54:11');
INSERT INTO `undo_log` VALUES (19, 2050607400, '192.168.10.38:9000:2050607399', 'serializer=jackson', 0x7B2240636C617373223A22696F2E73656174612E726D2E64617461736F757263652E756E646F2E4272616E6368556E646F4C6F67222C22786964223A223139322E3136382E31302E33383A393030303A32303530363037333939222C226272616E63684964223A323035303630373430302C2273716C556E646F4C6F6773223A5B226A6176612E7574696C2E41727261794C697374222C5B7B2240636C617373223A22696F2E73656174612E726D2E64617461736F757263652E756E646F2E53514C556E646F4C6F67222C2273716C54797065223A22494E53455254222C227461626C654E616D65223A226368725F6F72646572222C226265666F7265496D616765223A7B2240636C617373223A22696F2E73656174612E726D2E64617461736F757263652E73716C2E7374727563742E5461626C655265636F72647324456D7074795461626C655265636F726473222C227461626C654E616D65223A226368725F6F72646572222C22726F7773223A5B226A6176612E7574696C2E41727261794C697374222C5B5D5D7D2C226166746572496D616765223A7B2240636C617373223A22696F2E73656174612E726D2E64617461736F757263652E73716C2E7374727563742E5461626C655265636F726473222C227461626C654E616D65223A226368725F6F72646572222C22726F7773223A5B226A6176612E7574696C2E41727261794C697374222C5B7B2240636C617373223A22696F2E73656174612E726D2E64617461736F757263652E73716C2E7374727563742E526F77222C226669656C6473223A5B226A6176612E7574696C2E41727261794C697374222C5B7B2240636C617373223A22696F2E73656174612E726D2E64617461736F757263652E73716C2E7374727563742E4669656C64222C226E616D65223A226F6964222C226B657954797065223A225072696D6172794B6579222C2274797065223A342C2276616C7565223A35337D2C7B2240636C617373223A22696F2E73656174612E726D2E64617461736F757263652E73716C2E7374727563742E4669656C64222C226E616D65223A22756964222C226B657954797065223A224E554C4C222C2274797065223A342C2276616C7565223A317D2C7B2240636C617373223A22696F2E73656174612E726D2E64617461736F757263652E73716C2E7374727563742E4669656C64222C226E616D65223A22757365726E616D65222C226B657954797065223A224E554C4C222C2274797065223A31322C2276616C7565223A22636872796C227D2C7B2240636C617373223A22696F2E73656174612E726D2E64617461736F757263652E73716C2E7374727563742E4669656C64222C226E616D65223A22676F6F64736964222C226B657954797065223A224E554C4C222C2274797065223A342C2276616C7565223A317D2C7B2240636C617373223A22696F2E73656174612E726D2E64617461736F757263652E73716C2E7374727563742E4669656C64222C226E616D65223A22676F6F64736E616D65222C226B657954797065223A224E554C4C222C2274797065223A31322C2276616C7565223A22E5B08FE7B1B3227D2C7B2240636C617373223A22696F2E73656174612E726D2E64617461736F757263652E73716C2E7374727563742E4669656C64222C226E616D65223A22676F6F64737072696365222C226B657954797065223A224E554C4C222C2274797065223A332C2276616C7565223A5B226A6176612E6D6174682E426967446563696D616C222C3839392E36375D7D2C7B2240636C617373223A22696F2E73656174612E726D2E64617461736F757263652E73716C2E7374727563742E4669656C64222C226E616D65223A226E756D626572222C226B657954797065223A224E554C4C222C2274797065223A342C2276616C7565223A317D5D5D7D5D5D7D7D5D5D7D, 0, '2020-08-08 18:00:49', '2020-08-08 18:00:49');
COMMIT;

-- ----------------------------
-- Table structure for user
-- ----------------------------
DROP TABLE IF EXISTS `user`;
CREATE TABLE `user` (
  `id` int(20) NOT NULL AUTO_INCREMENT,
  `username` varchar(64) COLLATE utf8_unicode_ci DEFAULT NULL,
  `password` varchar(64) COLLATE utf8_unicode_ci DEFAULT NULL,
  `date` date DEFAULT NULL,
  `age` int(3) DEFAULT NULL,
  `is_pass` int(1) DEFAULT NULL,
  PRIMARY KEY (`id`)
) ENGINE=InnoDB AUTO_INCREMENT=35 DEFAULT CHARSET=utf8 COLLATE=utf8_unicode_ci;

-- ----------------------------
-- Records of user
-- ----------------------------
BEGIN;
INSERT INTO `user` VALUES (1, 'abc333', '123789', '2020-01-15', 12, NULL);
INSERT INTO `user` VALUES (2, 'abc4a1', '1237891', '2020-01-17', 23, NULL);
INSERT INTO `user` VALUES (3, '452', 'sksa', '2020-01-20', NULL, NULL);
INSERT INTO `user` VALUES (4, '444', '4445221', '2020-01-22', NULL, NULL);
INSERT INTO `user` VALUES (5, '999', '99962', '2020-01-30', NULL, NULL);
INSERT INTO `user` VALUES (6, '112', '1213123', '2020-01-20', NULL, NULL);
INSERT INTO `user` VALUES (7, '111', '111', '2020-01-21', NULL, NULL);
INSERT INTO `user` VALUES (8, '1123', '123123', '2020-01-27', NULL, NULL);
INSERT INTO `user` VALUES (9, '555', '552', '2020-01-22', NULL, NULL);
INSERT INTO `user` VALUES (10, '555', '5555', '2020-01-15', NULL, NULL);
INSERT INTO `user` VALUES (11, '666', '666', '2020-01-20', NULL, NULL);
INSERT INTO `user` VALUES (12, '000', '112', '2020-01-21', NULL, NULL);
INSERT INTO `user` VALUES (13, '555', '112', '2019-12-31', NULL, NULL);
INSERT INTO `user` VALUES (14, '567890', '12345da', '2019-12-31', NULL, NULL);
INSERT INTO `user` VALUES (15, '111', '111', '2020-01-19', NULL, NULL);
INSERT INTO `user` VALUES (16, '', '', NULL, NULL, NULL);
INSERT INTO `user` VALUES (17, '', '', NULL, NULL, NULL);
INSERT INTO `user` VALUES (18, '', '', NULL, NULL, NULL);
INSERT INTO `user` VALUES (19, '', '', NULL, NULL, NULL);
INSERT INTO `user` VALUES (20, '', '', NULL, NULL, NULL);
INSERT INTO `user` VALUES (21, '1231231', '12313', '2020-01-06', NULL, NULL);
INSERT INTO `user` VALUES (22, '2313111', '322323', '2020-01-13', NULL, NULL);
INSERT INTO `user` VALUES (23, '2313111', '322323', '2020-01-13', NULL, NULL);
INSERT INTO `user` VALUES (24, '2313111', '322323', '2020-01-13', NULL, NULL);
INSERT INTO `user` VALUES (25, '333333', '3333333', '2020-01-07', NULL, NULL);
INSERT INTO `user` VALUES (26, 'admin', '111111', '2020-01-29', 18, 0);
INSERT INTO `user` VALUES (27, '444444', '444444', '2020-01-20', 44, 1);
INSERT INTO `user` VALUES (29, '213132', '233233', '2020-01-27', 23, NULL);
INSERT INTO `user` VALUES (30, '222222', '222222', '2020-01-21', 22, NULL);
INSERT INTO `user` VALUES (31, '444444', '444444', '2020-01-27', 44, NULL);
INSERT INTO `user` VALUES (32, '', '', NULL, NULL, NULL);
INSERT INTO `user` VALUES (33, '123121', '123232', '2020-01-21', 11, NULL);
INSERT INTO `user` VALUES (34, 'aabbccd', 'aabbccd', '2020-01-31', 23, NULL);
COMMIT;

-- ----------------------------
-- Table structure for v_permissions
-- ----------------------------
DROP TABLE IF EXISTS `v_permissions`;
CREATE TABLE `v_permissions` (
  `permissions_id` int(5) NOT NULL AUTO_INCREMENT,
  `permissions_code` varchar(64) CHARACTER SET utf8 COLLATE utf8_unicode_ci DEFAULT NULL COMMENT '前端权限控制字段',
  `permissions_desc` varchar(64) COLLATE utf8_unicode_ci DEFAULT NULL,
  `pid` int(5) DEFAULT NULL COMMENT '角色id,一个角色多个权限',
  PRIMARY KEY (`permissions_id`)
) ENGINE=InnoDB AUTO_INCREMENT=5001 DEFAULT CHARSET=utf8 COLLATE=utf8_unicode_ci;

-- ----------------------------
-- Records of v_permissions
-- ----------------------------
BEGIN;
INSERT INTO `v_permissions` VALUES (1000, 'admin', '超级管理权限', 1);
INSERT INTO `v_permissions` VALUES (2000, 'ordinary', '普通用户权限', 2);
INSERT INTO `v_permissions` VALUES (3000, 'super_editor', '编辑权限', 1);
INSERT INTO `v_permissions` VALUES (4000, 'test1', '游客浏览', 2);
INSERT INTO `v_permissions` VALUES (5000, 'test2', '测试', 2);
COMMIT;

-- ----------------------------
-- Table structure for v_role
-- ----------------------------
DROP TABLE IF EXISTS `v_role`;
CREATE TABLE `v_role` (
  `role_id` int(5) NOT NULL AUTO_INCREMENT,
  `role_name` varchar(64) COLLATE utf8_unicode_ci DEFAULT NULL,
  `role_code` varchar(32) CHARACTER SET utf8 COLLATE utf8_unicode_ci DEFAULT NULL,
  `role_desc` varchar(255) COLLATE utf8_unicode_ci DEFAULT NULL,
  PRIMARY KEY (`role_id`)
) ENGINE=InnoDB AUTO_INCREMENT=9 DEFAULT CHARSET=utf8 COLLATE=utf8_unicode_ci;

-- ----------------------------
-- Records of v_role
-- ----------------------------
BEGIN;
INSERT INTO `v_role` VALUES (1, '超级管理员', 'admin', '超级管理员简介');
INSERT INTO `v_role` VALUES (2, '普通用户', 'ordinary', '普通用户简介11112');
COMMIT;

-- ----------------------------
-- Table structure for v_role_menu
-- ----------------------------
DROP TABLE IF EXISTS `v_role_menu`;
CREATE TABLE `v_role_menu` (
  `id` int(5) NOT NULL AUTO_INCREMENT,
  `label` varchar(64) COLLATE utf8_unicode_ci DEFAULT NULL,
  `parent_id` int(5) DEFAULT NULL,
  PRIMARY KEY (`id`)
) ENGINE=InnoDB AUTO_INCREMENT=7 DEFAULT CHARSET=utf8 COLLATE=utf8_unicode_ci;

-- ----------------------------
-- Records of v_role_menu
-- ----------------------------
BEGIN;
INSERT INTO `v_role_menu` VALUES (1, '管理员', -1);
INSERT INTO `v_role_menu` VALUES (2, '普通用户', -1);
INSERT INTO `v_role_menu` VALUES (3, '超级管理权限', 1);
INSERT INTO `v_role_menu` VALUES (4, '普通管理权限', 2);
INSERT INTO `v_role_menu` VALUES (5, '游客', 2);
INSERT INTO `v_role_menu` VALUES (6, '测试', 2);
COMMIT;

-- ----------------------------
-- Table structure for v_role_menu_parent
-- ----------------------------
DROP TABLE IF EXISTS `v_role_menu_parent`;
CREATE TABLE `v_role_menu_parent` (
  `p_id` int(20) NOT NULL AUTO_INCREMENT,
  `p_label` varchar(64) CHARACTER SET utf8 COLLATE utf8_unicode_ci DEFAULT NULL,
  PRIMARY KEY (`p_id`)
) ENGINE=InnoDB AUTO_INCREMENT=1000002 DEFAULT CHARSET=utf8 COLLATE=utf8_unicode_ci;

-- ----------------------------
-- Records of v_role_menu_parent
-- ----------------------------
BEGIN;
INSERT INTO `v_role_menu_parent` VALUES (1000000, '超级管理员');
INSERT INTO `v_role_menu_parent` VALUES (1000001, '普通用户');
COMMIT;

-- ----------------------------
-- Table structure for v_role_menu_sun
-- ----------------------------
DROP TABLE IF EXISTS `v_role_menu_sun`;
CREATE TABLE `v_role_menu_sun` (
  `id` int(20) NOT NULL AUTO_INCREMENT,
  `label` varchar(64) CHARACTER SET utf8 COLLATE utf8_unicode_ci DEFAULT NULL,
  `pid` int(20) DEFAULT NULL,
  PRIMARY KEY (`id`)
) ENGINE=InnoDB AUTO_INCREMENT=10005 DEFAULT CHARSET=utf8 COLLATE=utf8_unicode_ci;

-- ----------------------------
-- Records of v_role_menu_sun
-- ----------------------------
BEGIN;
INSERT INTO `v_role_menu_sun` VALUES (10000, '超级管理', 1000000);
INSERT INTO `v_role_menu_sun` VALUES (10001, '编辑', 1000000);
INSERT INTO `v_role_menu_sun` VALUES (10002, '游客', 1000001);
INSERT INTO `v_role_menu_sun` VALUES (10003, '测试', 1000001);
INSERT INTO `v_role_menu_sun` VALUES (10004, '普通用户', 1000001);
COMMIT;

-- ----------------------------
-- Table structure for v_role_permissions
-- ----------------------------
DROP TABLE IF EXISTS `v_role_permissions`;
CREATE TABLE `v_role_permissions` (
  `g_role_id` int(11) DEFAULT NULL,
  `g_permissions_id` int(11) DEFAULT NULL
) ENGINE=InnoDB DEFAULT CHARSET=utf8 COLLATE=utf8_unicode_ci;

-- ----------------------------
-- Records of v_role_permissions
-- ----------------------------
BEGIN;
INSERT INTO `v_role_permissions` VALUES (1, 3000);
INSERT INTO `v_role_permissions` VALUES (1, 1000);
INSERT INTO `v_role_permissions` VALUES (2, 2000);
INSERT INTO `v_role_permissions` VALUES (2, 5000);
COMMIT;

-- ----------------------------
-- Table structure for v_role_sun_pro
-- ----------------------------
DROP TABLE IF EXISTS `v_role_sun_pro`;
CREATE TABLE `v_role_sun_pro` (
  `g_role_id` int(20) DEFAULT NULL,
  `g_menu_sun_id` int(20) DEFAULT NULL
) ENGINE=InnoDB DEFAULT CHARSET=utf8 COLLATE=utf8_unicode_ci;

-- ----------------------------
-- Records of v_role_sun_pro
-- ----------------------------
BEGIN;
INSERT INTO `v_role_sun_pro` VALUES (1, 10000);
INSERT INTO `v_role_sun_pro` VALUES (1, 10001);
INSERT INTO `v_role_sun_pro` VALUES (2, 10002);
INSERT INTO `v_role_sun_pro` VALUES (2, 10004);
COMMIT;

-- ----------------------------
-- Table structure for v_user
-- ----------------------------
DROP TABLE IF EXISTS `v_user`;
CREATE TABLE `v_user` (
  `user_id` int(10) NOT NULL AUTO_INCREMENT COMMENT 'id',
  `username` varchar(32) COLLATE utf8_unicode_ci DEFAULT NULL,
  `password` varchar(32) COLLATE utf8_unicode_ci DEFAULT NULL,
  `age` int(5) DEFAULT NULL,
  `birth` date DEFAULT NULL,
  `is_pass` int(5) DEFAULT NULL COMMENT '是否通过',
  `g_role_id` int(5) DEFAULT NULL COMMENT '角色id',
  PRIMARY KEY (`user_id`)
) ENGINE=InnoDB AUTO_INCREMENT=4 DEFAULT CHARSET=utf8 COLLATE=utf8_unicode_ci;

-- ----------------------------
-- Records of v_user
-- ----------------------------
BEGIN;
INSERT INTO `v_user` VALUES (1, 'admin', '111111', 18, '2018-10-18', 0, 1);
INSERT INTO `v_user` VALUES (2, 'nancy1', '111111', 17, '2020-01-05', 1, 2);
INSERT INTO `v_user` VALUES (3, 'jack', '111111', 15, '2020-04-07', 0, 3);
COMMIT;

SET FOREIGN_KEY_CHECKS = 1;
